{
  "confusion": {
    "TP": 82,
    "FN": 0,
    "FP": 0,
    "TN": 150
  },
  "metrics": {
    "recall": 1.0,
    "precision": 1.0,
    "f1": 1.0,
    "fpr": 0.0,
    "specificity": 1.0
  },
  "wilson_ci": {
    "recall": [
      0.9552478052599206,
      1.0
    ],
    "precision": [
      0.9552478052599206,
      1.0
    ],
    "fpr": [
      0.0,
      0.02497113914571871
    ],
    "specificity": [
      0.9750288608542813,
      1.0
    ]
  },
  "f1_bootstrap_ci": [
    1.0,
    1.0
  ],
  "per_family": {
    "entropy_only": {
      "n": 30,
      "detected": 30,
      "ci": [
        0.886482908609522,
        1.0
      ]
    },
    "lockbit": {
      "n": 30,
      "detected": 30,
      "ci": [
        0.886482908609522,
        1.0
      ]
    },
    "qilin": {
      "n": 22,
      "detected": 22,
      "ci": [
        0.8513404742740388,
        1.0000000000000002
      ]
    }
  },
  "per_class": {
    "batch_rename": {
      "n": 30,
      "tn": 30,
      "ci": [
        0.886482908609522,
        1.0
      ]
    },
    "bulk_ops": {
      "n": 30,
      "tn": 30,
      "ci": [
        0.886482908609522,
        1.0
      ]
    },
    "editor_save": {
      "n": 30,
      "tn": 30,
      "ci": [
        0.886482908609522,
        1.0
      ]
    },
    "high_entropy": {
      "n": 30,
      "tn": 30,
      "ci": [
        0.886482908609522,
        1.0
      ]
    },
    "idle": {
      "n": 30,
      "tn": 30,
      "ci": [
        0.886482908609522,
        1.0
      ]
    }
  }
}